value_tot_resial_building_aud000, new_houses_num, value_tot_building_aud000, value_new_oth_resial_building_aud000, new_oth_resial_building_num, value_new_houses_aud000, tot_dwl_num, value_non_resial_building_aud000, sa2_code, value_alterations_additions_conversions_resial_building_aud000, sa2_name
134880.3,465,140276.6,0.0,0,134443.1,465,5396.3,"212031302",437.2,"Cranbourne North"
68609.9,259,74146.9,0.0,0,67410.1,259,5537.0,"212031303",1199.9,"Cranbourne South"
172166.7,405,239226.0,70300.0,255,101293.2,660,67059.3,"212031304",573.5,"Cranbourne West"
62024.8,13,93996.3,34825.7,83,10154.4,97,31971.5,"206061136",17044.7,"Prahran - Windsor"
95923.1,1,123630.3,91153.8,352,698.9,358,27707.2,"206071141",4070.4,"Collingwood"
11522.4,8,12386.8,8767.0,49,2225.8,57,864.3,"210031440",529.6,"Hadfield"
29003.1,89,29349.7,0.0,0,27563.9,89,346.6,"210041240",1439.2,"Sunbury"
99200.1,337,111337.8,5952.5,34,90958.9,371,12137.7,"210041241",2288.7,"Sunbury - South"
23027.7,4,37411.6,1977.7,7,2571.4,18,14383.9,"206071142",18478.6,"Fitzroy"
16631.4,18,49553.8,3897.2,9,9244.1,27,32922.4,"208021180",3490.0,"Hughesdale"
99580.6,328,99786.1,12732.0,55,86689.0,383,205.5,"213051466",159.6,"Point Cook - South"
26819.2,42,28950.3,3698.7,11,19255.4,54,2131.0,"207031162",3865.2,"Blackburn South"
35887.1,35,39768.6,6673.1,18,18614.7,53,3881.5,"207031167",10599.4,"Surrey Hills (East) - Mont Albert"
94300.4,57,123938.6,40792.7,79,40103.5,136,29638.2,"208011170",13404.1,"Brighton East"
55788.1,78,77482.6,23803.7,72,25758.5,150,21694.4,"208011171",6225.9,"Cheltenham - Highett (West)"
103548.7,59,106853.5,33366.4,83,50090.0,143,3304.8,"208011172",20092.3,"Hampton"
113441.1,38,132349.8,81548.6,348,12643.6,392,18908.8,"206011105",19248.8,"Brunswick"
139454.5,9,141819.6,123981.2,495,3521.5,513,2365.1,"206011106",11951.8,"Brunswick East"
25309.3,19,27444.3,8040.0,30,8692.5,51,2135.1,"206011109",8576.8,"Pascoe Vale South"
200014.0,0,1416968.2,199734.0,464,0.0,464,1216954.2,"206041118",280.0,"Docklands"
103910.6,3,191551.9,86300.0,101,1430.1,112,87641.3,"206041119",16180.5,"East Melbourne"
16328.1,34,19409.2,8032.8,42,7121.3,77,3081.1,"212031305",1174.0,"Hampton Park - Lynbrook"
8598.8,8,10973.8,4258.8,23,2313.4,31,2375.0,"213021342",2026.7,"Altona Meadows"
0.0,0,128601.5,0.0,0,0.0,0,128601.5,"206041120",0.0,"Flemington Racecourse"
64073.8,3,131226.7,32190.5,14,4047.9,30,67152.9,"206041125",27835.5,"South Yarra - West"
60944.4,66,61534.9,30000.8,85,26294.3,153,590.5,"208021427",4649.3,"Bentleigh East (South)"
173606.7,63,208819.6,112383.9,406,32296.2,522,35213.0,"208021174",28926.5,"Bentleigh - McKinnon"
2873.3,3,2951.2,0.0,0,1418.6,3,77.9,"208031183",1454.7,"Aspendale Gardens - Waterways"
24013.4,15,54159.8,10638.2,34,8155.7,49,30146.5,"208021181",5219.5,"Murrumbeena"
13.2,0,14095.2,0.0,0,0.0,0,14082.0,"208031184",13.2,"Braeside"
419908.6,1,771404.5,417500.0,1357,188.3,1358,351495.8,"206041126",2220.4,"Southbank"
3115.1,5,4415.1,0.0,0,1674.6,5,1300.0,"208031187",1440.5,"Chelsea Heights"
140049.2,16,171065.8,126807.8,550,7277.2,566,31016.6,"208021176",5964.3,"Carnegie"
44645.1,26,81276.8,20709.0,101,8990.2,128,36631.7,"206011108",14945.9,"Coburg"
40333.0,23,42358.4,23475.7,93,9248.0,116,2025.4,"206011107",7609.3,"Brunswick West"
52876.7,13,54392.2,39581.7,136,6641.7,151,1515.5,"206021110",6653.4,"Alphington - Fairfield"
67436.0,16,83012.0,54425.4,177,5497.8,193,15576.0,"208021182",7512.8,"Ormond - Glen Huntly"
128096.4,40,140364.5,71035.8,224,21743.9,266,12268.1,"206021111",35316.6,"Northcote"
0.0,0,1020.4,0.0,0,0.0,0,1020.4,"206041127",0.0,"West Melbourne"
53352.3,24,55218.6,26199.1,101,10672.1,133,1866.3,"206021112",16481.2,"Thornbury"
34018.7,3,37575.1,15308.1,40,922.9,45,3556.4,"206051130",17787.8,"Port Melbourne"
52173.4,95,57805.1,8140.0,29,32721.5,125,5631.7,"206031113",11311.9,"Ascot Vale"
105389.7,57,121110.0,44035.2,151,39724.9,208,15720.3,"206031114",21629.6,"Essendon - Aberfeldie"
26503.0,22,31191.4,0.0,0,6583.2,22,4688.4,"206031115",19919.8,"Flemington"
301698.9,19,309266.7,280690.3,793,8890.2,812,7567.8,"206031116",12118.4,"Moonee Ponds"
355489.0,2,584255.0,338000.0,1043,3576.9,1047,228766.0,"206041117",13912.1,"Carlton"
95746.7,5,100284.5,88132.3,195,2411.9,201,4537.9,"206041121",5202.5,"Kensington (Vic.)"
630360.9,0,2178112.0,622251.3,1508,0.0,1508,1547751.1,"206041122",8109.6,"Melbourne"
59905.1,10,69938.2,32466.0,82,11337.4,92,10033.1,"206061135",16101.6,"Armadale"
338785.3,7,375112.6,319928.0,1058,2963.2,1070,36327.3,"206041123",15894.1,"North Melbourne"
47047.5,1,136225.1,43927.9,181,376.2,182,89177.7,"206041124",2743.4,"Parkville"
126034.0,9,163709.2,64677.4,238,11053.8,253,37675.2,"206051128",50302.8,"Albert Park"
36462.3,8,44266.7,14610.9,43,7336.5,57,7804.4,"206051129",14514.9,"Elwood"
245.0,0,49795.6,0.0,0,0.0,0,49550.6,"206051131",245.0,"Port Melbourne Industrial"
140022.1,6,208143.5,115548.0,238,3313.6,244,68121.4,"206051132",21160.5,"South Melbourne"
92560.9,39,153253.7,66483.0,231,9711.2,282,60692.8,"206051133",16366.7,"St Kilda"
49794.7,2,52647.7,36389.8,130,1107.2,132,2853.0,"206051134",12297.7,"St Kilda East"
352941.2,13,380120.3,314837.6,459,16159.8,475,27179.1,"206061137",21943.8,"South Yarra - East"
236941.4,27,264367.6,82756.2,70,102220.2,98,27426.2,"206061138",51965.1,"Toorak"
12402.8,7,18165.0,3676.8,8,2748.8,15,5762.3,"206071139",5977.1,"Abbotsford"
22823.7,6,25022.1,0.0,0,2088.2,6,2198.4,"206071140",20735.4,"Carlton North - Princes Hill"
45586.8,14,82811.0,12108.4,24,10301.3,40,37224.2,"206071143",23177.1,"Fitzroy North"
217638.2,27,311837.2,174198.9,606,12692.7,634,94199.0,"206071144",30746.6,"Richmond (Vic.)"
86398.4,9,96660.3,58444.0,208,5940.0,239,10261.8,"206071145",22014.5,"Yarra - North"
35080.1,51,36041.9,4462.4,10,23970.4,61,961.8,"207011146",6647.3,"Ashburton (Vic.)"
96242.2,59,111242.5,26856.5,62,59878.9,121,15000.3,"207011147",9506.8,"Balwyn"
87094.7,44,98092.1,15660.8,36,41266.0,80,10997.4,"207011149",30167.8,"Camberwell"
138304.5,114,141701.9,29742.8,88,96579.0,202,3397.3,"207011148",11982.7,"Balwyn North"
211306.1,40,233533.8,115509.6,167,55157.8,207,22227.7,"207011153",40638.6,"Kew"
83829.5,55,87526.1,32896.4,111,37769.8,166,3696.6,"207011150",13163.2,"Glen Iris - East"
203388.9,21,292429.4,126945.1,359,33374.8,381,89040.5,"207011151",43069.0,"Hawthorn"
233806.3,17,243755.9,183285.2,393,17660.7,410,9949.6,"207011152",32860.3,"Hawthorn East"
21565.2,14,24265.5,0.0,0,14075.2,16,2700.2,"207011154",7490.0,"Kew East"
88414.6,31,93764.8,27582.8,78,40249.0,109,5350.2,"207011155",20582.8,"Surrey Hills (West) - Canterbury"
63426.1,54,67275.4,36464.4,100,23166.9,156,3849.2,"207021156",3794.8,"Bulleen"
142739.1,104,153503.6,85853.8,234,51399.2,338,10764.5,"207021157",5486.1,"Doncaster"
44044.3,40,48097.9,9593.1,28,24876.6,68,4053.6,"207021159",9574.5,"Templestowe"
41076.4,36,45464.1,17979.2,52,17960.8,88,4387.8,"207021160",5136.4,"Templestowe Lower"
43984.8,24,47313.4,28586.4,106,11889.1,130,3328.7,"207021424",3509.3,"Doncaster East (North)"
91258.7,29,95575.2,73684.8,236,14976.5,265,4316.4,"207021425",2597.4,"Doncaster East (South)"
63893.6,81,69991.0,15404.9,46,34138.2,127,6097.4,"207031161",14350.6,"Blackburn"
256701.3,49,328216.9,227275.2,792,23228.4,841,71515.6,"207031163",6197.7,"Box Hill"
118610.7,39,183526.4,39178.9,116,45142.1,155,64915.7,"208021177",34289.7,"Caulfield - North"
60294.4,65,62186.3,23544.5,71,31739.6,136,1891.9,"207031164",5010.3,"Box Hill North"
57707.5,35,88976.1,37018.4,145,16687.0,181,31268.6,"207031165",4002.1,"Burwood"
11672.0,19,15087.4,3591.7,10,6722.5,29,3415.4,"207031166",1357.8,"Burwood East"
77951.0,77,87489.4,41942.1,114,30713.0,191,9538.4,"208021426",5295.9,"Bentleigh East (North)"
85018.1,59,124864.3,28686.3,54,46983.4,113,39846.2,"208011168",9348.4,"Beaumaris"
63004.3,45,72564.9,22707.9,49,24951.9,94,9560.6,"208021178",15344.6,"Caulfield - South"
176494.4,60,205311.8,68357.1,113,74036.2,174,28817.3,"208011169",34101.1,"Brighton (Vic.)"
45857.1,12,78628.9,14992.7,58,7876.4,70,32771.8,"208021179",22987.9,"Elsternwick"
107110.0,40,114969.3,55139.4,171,36821.7,212,7859.3,"208011173",15148.9,"Sandringham - Black Rock"
42382.4,32,46718.8,23095.3,90,15578.9,122,4336.3,"208031185",3708.3,"Carrum - Patterson Lakes"
47504.0,50,51628.4,27212.8,93,15172.0,143,4124.5,"208031186",5119.1,"Chelsea - Bonbeach"
65834.4,74,128517.4,34481.7,126,25055.8,200,62683.0,"208031188",6296.9,"Cheltenham - Highett (East)"
38188.2,46,52422.7,17697.3,57,16892.4,104,14234.6,"208031190",3598.5,"Mentone"
55189.7,53,58298.2,32173.8,126,17730.5,179,3108.5,"208031189",5285.4,"Edithvale - Aspendale"
9942.9,15,21968.5,3365.9,14,5059.4,29,12025.6,"209011196",1517.6,"Bundoora - East"
25592.7,30,71367.4,11047.0,34,12375.9,65,45774.8,"208031191",2169.7,"Moorabbin - Heatherton"
0.0,0,23975.3,0.0,0,0.0,0,23975.3,"208031192",0.0,"Moorabbin Airport"
24551.1,38,109277.2,5588.3,22,11891.4,60,84726.1,"209011197",7071.4,"Greensborough"
13597.1,22,14198.0,3495.0,14,6356.7,36,600.9,"209011204",3745.4,"Watsonia"
104638.2,130,112599.6,49064.7,183,46503.0,315,7961.4,"208031193",9070.5,"Mordialloc - Parkdale"
23353.4,12,39791.4,16308.9,78,4266.1,91,16438.0,"209021205",2778.4,"Kingsbury"
68208.9,58,72281.5,43430.5,209,13921.8,270,4072.6,"209021207",10856.6,"Reservoir - East"
38508.4,37,44973.0,18900.1,104,10657.1,141,6464.6,"209021208",8951.2,"Reservoir - West"
0.0,0,3692.0,0.0,0,0.0,0,3692.0,"210011227",0.0,"Essendon Airport"
136311.0,43,242917.9,49819.9,132,44675.2,199,106606.9,"208041194",41815.9,"Malvern - Glen Iris"
16882.3,13,41400.4,5688.1,25,5816.1,38,24518.1,"209021429",5378.0,"Preston - West"
147029.4,47,257216.0,86596.2,269,26508.7,316,110186.7,"208041195",33924.5,"Malvern East"
43504.8,41,62067.1,15715.8,57,18618.6,98,18562.3,"209031209",9170.4,"Eltham"
5085.1,9,5385.1,798.0,2,2376.8,11,300.0,"209031210",1910.4,"Hurstbridge"
4982.7,16,5722.8,0.0,0,4170.0,16,740.0,"209031211",812.8,"Kinglake"
14399.2,22,19792.2,0.0,0,12628.3,22,5393.1,"209031212",1770.8,"Panton Hill - St Andrews"
22705.6,30,32890.6,510.0,2,19673.0,33,10185.0,"209031213",2522.6,"Plenty - Yarrambat"
11953.9,10,12108.9,0.0,0,8429.9,10,155.0,"209031214",3524.0,"Research - North Warrandyte"
58194.8,30,95860.2,36321.3,136,11842.0,166,37665.5,"209011198",10031.5,"Heidelberg - Rosanna"
6216.6,9,7245.1,2324.9,9,2972.6,18,1028.5,"209041217",919.1,"Bundoora - West"
51306.8,49,91623.8,36890.1,167,12979.3,216,40316.9,"209041219",1437.5,"Lalor"
69603.2,88,76255.9,41464.5,172,24238.8,262,6652.6,"209011199",3899.9,"Heidelberg West"
61390.2,91,74683.7,14822.4,49,35759.5,140,13293.5,"209011200",10808.3,"Ivanhoe"
41409.1,23,42174.4,7170.1,20,19878.5,43,765.3,"209011201",14360.6,"Ivanhoe East - Eaglemont"
33091.6,41,47633.9,3821.3,12,20456.9,55,14542.3,"209011202",8813.3,"Montmorency - Briar Hill"
22357.8,20,38693.0,6349.7,22,8217.5,44,16335.2,"209011203",7790.6,"Viewbank - Yallambie"
83358.8,26,107418.5,64868.4,296,9047.9,322,24059.6,"209021428",9442.5,"Preston - East"
37964.5,59,44295.5,7365.5,29,25133.8,88,6331.1,"209031215",5465.2,"Wattle Glen - Diamond Creek"
6173.7,13,7407.1,330.0,2,4228.4,15,1233.4,"209041431",1615.3,"Epping - East"
8509.4,4,75444.7,6839.0,31,949.2,35,66935.3,"209041432",721.2,"Epping - South"
8454.2,12,38819.7,0.0,0,7230.7,12,30365.6,"209041216",1223.5,"Bundoora - North"
17609.3,25,60789.7,11181.2,52,6268.0,77,43180.3,"209041433",160.1,"Epping - West"
124914.8,470,165200.0,9334.4,53,114980.5,523,40285.3,"209041434",599.9,"Mernda"
18130.5,49,20721.5,1500.0,8,16167.3,57,2591.0,"209041435",463.2,"South Morang (North)"
24530.3,11,94317.3,19169.0,48,3690.9,60,69787.0,"209041220",1670.4,"Mill Park - North"
3324.3,5,7307.7,0.0,0,1837.4,5,3983.4,"209041221",1486.8,"Mill Park - South"
42339.9,30,48533.7,32820.8,142,8303.4,173,6193.8,"210011226",1215.8,"Airport West"
16123.2,15,27594.6,11397.8,67,3078.7,82,11471.4,"209041223",1646.7,"Thomastown"
96482.4,356,104818.0,295.0,2,93068.4,358,8335.6,"209041224",3119.0,"Wallan"
16309.5,45,21248.6,265.0,2,13362.1,47,4939.1,"209041225",2682.3,"Whittlesea"
134817.0,495,147653.9,4130.0,24,129215.8,520,12836.9,"209041430",1471.2,"Doreen"
12506.2,31,47292.4,4000.0,26,7351.1,57,34786.2,"209041436",1155.1,"South Morang (South)"
173802.7,659,189074.1,5110.0,28,168128.4,687,15271.4,"209041437",564.3,"Wollert"
7276.9,9,43259.8,1178.0,4,3224.5,13,35982.9,"210011228",2874.5,"Keilor"
101821.0,76,104500.2,64562.6,260,30926.1,337,2679.1,"210011229",6332.3,"Keilor East"
23716.6,20,35677.3,11834.9,45,8689.4,65,11960.7,"210011230",3192.4,"Niddrie - Essendon West"
44154.1,29,51791.3,17959.4,57,17596.2,86,7637.2,"210011231",8598.5,"Strathmore"
33942.8,75,36532.5,0.0,0,29527.0,77,2589.7,"210021232",4415.8,"Gisborne"
29289.2,109,42405.7,580.0,4,26343.1,113,13116.5,"212031300",2366.1,"Cranbourne"
640391.7,2315,680468.7,25325.1,132,613243.6,2447,40077.0,"212031301",1822.9,"Cranbourne East"
4364.8,5,4879.9,0.0,0,2466.9,5,515.2,"210021233",1897.9,"Macedon"
12765.3,28,12765.3,3102.1,16,8491.6,44,0.0,"210021234",1171.6,"Riddells Creek"
33200.4,106,35365.5,460.5,2,28797.4,108,2165.1,"210021235",3942.5,"Romsey"
27958.4,26,35381.0,14973.9,71,9150.0,97,7422.6,"210031236",3834.5,"Coburg North"
21595.5,31,22613.6,12739.2,70,7268.7,101,1018.1,"210031237",1587.6,"Fawkner"
66614.5,85,67877.9,46739.2,232,18223.2,318,1263.4,"210031438",1652.2,"Glenroy"
105950.0,101,133578.4,72223.1,325,28903.6,427,27628.4,"210031239",4823.4,"Pascoe Vale"
6893.9,2,6893.9,4975.0,18,1324.2,20,0.0,"210031439",594.7,"Gowanbrae"
22412.6,19,70551.5,16833.8,96,4077.0,116,48138.9,"210051242",1501.8,"Broadmeadows"
6546.7,14,7051.0,1744.2,10,3773.3,24,504.3,"210051247",1029.2,"Meadow Heights"
0.0,0,153989.8,0.0,0,0.0,0,153989.8,"210051248",0.0,"Melbourne Airport"
7750.6,16,54322.6,4139.1,27,2631.6,43,46572.0,"210051243",980.0,"Campbellfield - Coolaroo"
37491.8,36,44728.6,24409.7,128,10432.8,164,7236.8,"210051245",2649.3,"Gladstone Park - Westmeadows"
153435.9,503,162175.4,3231.2,16,147368.2,519,8739.5,"210051246",2836.5,"Greenvale - Bulla"
5758.6,13,9731.3,575.0,2,3933.6,15,3972.7,"211031452",1250.0,"Croydon South"
56522.8,203,95684.1,6620.0,33,48859.1,236,39161.3,"210051249",1043.7,"Roxburgh Park - Somerton"
10351.4,26,14786.0,3584.2,18,6201.3,44,4434.6,"210051250",565.9,"Tullamarine"
2963.4,7,3695.0,937.0,5,1356.6,12,731.6,"210051441",669.8,"Craigieburn - Central"
28082.4,49,30946.8,13250.0,72,14494.0,121,2864.4,"210051442",338.4,"Craigieburn - North"
132318.5,490,147506.6,13005.0,74,119146.0,564,15188.1,"210051444",167.4,"Craigieburn - West"
223477.5,895,231587.8,0.0,0,222872.1,895,8110.3,"210051445",605.4,"Mickleham - Yuroke"
26081.6,30,31328.4,15368.2,73,9580.9,103,5246.8,"211011251",1132.5,"Bayswater"
84808.7,227,143879.8,5068.3,17,76953.2,244,59071.1,"211011254",2787.2,"Knoxfield - Scoresby"
96912.7,292,111414.2,9850.2,57,86189.8,349,14501.5,"210051443",872.7,"Craigieburn - South"
10840.5,16,11565.5,0.0,0,8617.7,16,725.0,"211011255",2222.8,"Lysterfield"
3183.4,5,3743.9,0.0,0,1678.4,5,560.5,"211011257",1504.9,"Rowville - North"
12311.5,29,18356.8,2363.3,10,7784.8,39,6045.3,"211011258",2163.5,"Rowville - South"
40668.5,83,42369.0,4380.0,18,32418.3,103,1700.5,"211011259",3870.3,"Wantirna"
26935.6,40,48215.0,7429.4,23,16580.6,63,21279.4,"211011260",2925.5,"Wantirna South"
27833.3,52,29938.1,4017.9,17,21321.4,69,2104.8,"211011256",2494.0,"Rowville - Central"
61454.8,48,71560.6,43944.8,188,12822.8,236,10105.8,"211011446",4687.2,"Boronia"
16171.0,33,16851.9,3010.4,14,10220.2,47,680.9,"211011447",2940.4,"Ferntree Gully (North)"
16966.3,29,17366.3,1526.6,5,8981.3,34,400.0,"211031265",6458.4,"Croydon Hills - Warranwood"
40194.7,52,112343.0,20494.4,85,16898.0,137,72148.3,"211031266",2802.3,"Ringwood"
40133.5,42,61975.5,22971.6,98,12628.3,140,21842.0,"211011448",4533.6,"Ferntree Gully (South) - Upper Ferntree Gully"
40008.5,60,53383.8,5289.1,18,26296.8,78,13375.4,"211031267",8422.6,"Ringwood East"
11876.3,15,12006.3,0.0,0,6319.5,15,130.0,"211031268",5556.8,"Ringwood North"
2853.6,4,2853.6,0.0,0,825.4,4,0.0,"211011449",2028.2,"The Basin"
45510.4,34,79037.1,15516.2,59,22407.9,93,33526.7,"211021261",7586.4,"Donvale - Park Orchards"
17146.0,20,17694.0,0.0,0,8510.3,20,548.0,"211021262",8635.7,"Warrandyte - Wonga Park"
31915.2,39,34500.5,17699.6,65,11031.9,104,2585.2,"211031450",3183.7,"Croydon - East"
39751.4,69,62592.7,13295.3,45,23372.9,114,22841.3,"211031451",3083.3,"Croydon - West"
15954.4,43,30094.9,2987.3,12,11058.8,55,14140.5,"211031263",1908.3,"Bayswater North"
36508.2,34,50080.9,17437.5,50,14434.0,84,13572.7,"211041269",4636.6,"Forest Hill"
43519.6,56,50876.9,17400.9,62,20185.0,120,7357.3,"211041270",5933.7,"Mitcham (Vic.)"
26266.5,36,29352.1,5138.0,20,16237.3,56,3085.6,"211041272",4891.2,"Vermont"
18862.4,30,22194.4,697.0,2,14276.3,32,3332.0,"211041273",3889.1,"Vermont South"
24118.0,40,42938.6,4939.6,17,16268.2,57,18820.5,"211041271",2910.2,"Nunawading"
9588.4,5,20245.8,0.0,0,3359.0,6,10657.4,"211051274",6229.4,"Belgrave - Selby"
35133.0,105,47607.9,650.8,2,31787.3,108,12475.0,"211051275",2694.8,"Chirnside Park"
26913.0,54,41563.9,4272.1,18,16482.5,73,14650.8,"211051276",6158.5,"Healesville - Yarra Glen"
22549.7,43,28338.7,6449.9,29,11706.7,75,5789.0,"211051277",4393.2,"Kilsyth"
30424.1,47,45653.8,8209.2,41,15543.5,88,15229.7,"211051278",6671.4,"Lilydale - Coldstream"
5792.7,10,7252.5,0.0,0,3182.9,10,1459.8,"211051279",2609.8,"Monbulk - Silvan"
8802.8,19,10347.2,0.0,0,6264.5,19,1544.4,"211051280",2538.4,"Montrose"
37451.7,90,49727.7,3800.0,18,27317.2,109,12276.0,"211051281",6334.5,"Mooroolbark"
8400.5,8,9797.3,0.0,0,3397.9,8,1396.8,"211051282",5002.7,"Mount Dandenong - Olinda"
82914.5,310,94041.1,2201.6,14,79742.9,325,11126.6,"212011291",970.0,"Pakenham - North"
10587.6,22,10637.6,0.0,0,6839.5,22,50.0,"211051283",3748.1,"Mount Evelyn"
3127.8,6,3712.0,400.0,2,1418.6,8,584.2,"212021454",1309.2,"Endeavour Hills - South"
72594.1,206,73913.1,13825.2,65,57401.6,271,1319.0,"212031306",1367.3,"Lynbrook - Lyndhurst"
9423.4,25,12477.5,385.2,2,7033.2,27,3054.1,"212031308",2005.0,"Pearcedale - Tooradin"
11333.7,15,13650.8,1189.1,6,5962.5,21,2317.1,"211051284",4182.2,"Upwey - Tecoma"
12776.9,26,16397.6,0.0,0,7862.8,26,3620.7,"211051285",4914.1,"Wandin - Seville"
17786.2,43,21751.9,0.0,0,12969.6,43,3965.7,"211051286",4816.6,"Yarra Valley"
260548.5,1007,275919.7,7602.9,39,248402.5,1046,15371.2,"212011287",4543.2,"Beaconsfield - Officer"
19712.9,57,25483.6,0.0,0,16673.5,57,5770.6,"212011288",3039.4,"Bunyip - Garfield"
16049.5,31,19800.0,370.5,3,9800.0,36,3750.5,"212011289",5878.9,"Emerald - Cockatoo"
20621.5,63,26304.6,0.0,0,17887.0,64,5683.1,"212011290",2734.5,"Koo Wee Rup"
82574.6,367,114522.9,7655.8,48,72222.8,415,31948.3,"212011292",2695.9,"Pakenham - South"
34671.7,38,160193.7,4844.8,17,26046.3,55,125522.0,"212021293",3780.6,"Berwick - North"
61060.7,141,65969.0,12033.4,72,47259.2,213,4908.3,"212021294",1768.1,"Berwick - South"
14409.0,40,17929.2,5827.3,33,7626.5,73,3520.2,"212021295",955.2,"Doveton"
12890.6,17,22206.2,7190.0,36,4007.3,53,9315.7,"212021297",1693.3,"Hallam"
32926.9,49,33214.4,0.0,0,27647.8,49,287.5,"212021299",5279.1,"Narre Warren North"
7443.5,18,7821.5,0.0,0,5646.7,18,378.0,"212021453",1796.8,"Endeavour Hills - North"
5880.8,8,6222.8,1650.0,6,2849.3,14,342.0,"212021455",1381.5,"Narre Warren - North East"
9780.4,28,25745.7,826.5,5,6574.0,34,15965.4,"212021456",2379.9,"Narre Warren - South West"
5281.7,14,6775.9,0.0,0,4397.1,14,1494.2,"212031457",884.6,"Narre Warren South (East)"
2890.3,5,2963.1,0.0,0,1715.7,5,72.8,"212031458",1174.6,"Narre Warren South (West)"
13459.4,25,20678.0,2840.8,11,8001.4,36,7218.5,"212041309",2617.2,"Clarinda - Oakleigh South"
52926.7,57,62831.3,36822.7,152,14357.0,211,9904.5,"212041310",1747.0,"Clayton South"
49841.8,62,241742.4,33188.4,168,14952.8,230,191900.6,"212041311",1700.6,"Dandenong"
13672.3,29,19527.0,3303.9,15,8280.4,44,5854.7,"212041312",2088.0,"Dandenong North"
11032.7,10,15528.5,5234.7,21,3427.9,31,4495.7,"212041313",2370.1,"Dingley Village"
26602.7,15,32102.7,19786.4,134,4068.8,149,5500.0,"212041459",2747.5,"Noble Park - East"
101056.3,168,206342.6,40273.1,170,58444.5,338,105286.2,"212041314",2338.7,"Keysborough"
3493.5,5,7800.0,1228.6,5,1512.0,10,4306.4,"212041316",753.0,"Noble Park North"
30527.2,40,58109.0,12313.9,59,16130.7,100,27581.9,"212041317",2082.5,"Springvale"
7252.8,18,28391.5,0.0,0,5421.2,18,21138.7,"212041318",1831.6,"Springvale South"
22190.2,22,54046.1,13306.7,72,7133.6,94,31855.9,"212041460",1749.9,"Noble Park - West"
76940.8,92,129280.8,32622.2,107,40984.8,201,52339.9,"212051319",3333.8,"Ashwood - Chadstone"
37536.0,46,348631.4,21802.9,82,13665.6,129,311095.4,"212051320",2067.5,"Clayton"
71347.4,97,90979.4,8929.3,24,58508.6,121,19632.0,"212051321",3909.5,"Glen Waverley - East"
77219.4,87,404084.3,20503.5,51,53431.1,138,326864.9,"212051322",3284.8,"Glen Waverley - West"
84831.1,94,85822.4,31681.7,92,50880.0,186,991.3,"212051323",2269.5,"Mount Waverley - North"
77019.6,92,93961.0,25690.1,61,46753.0,153,16941.4,"212051324",4576.5,"Mount Waverley - South"
22504.2,36,95887.0,6797.8,22,12982.2,60,73382.8,"212051325",2724.2,"Mulgrave"
94138.8,62,117110.3,59953.4,242,28144.1,306,22971.5,"212051326",6041.3,"Oakleigh - Huntingdale"
42005.4,47,53930.5,5839.5,12,31761.0,59,11925.1,"212051327",4404.9,"Wheelers Hill"
10327.0,13,14096.7,6718.0,37,2595.6,50,3769.8,"213011328",1013.4,"Ardeer - Albion"
9515.3,19,10145.3,400.0,2,8681.6,21,630.0,"213011329",433.8,"Cairnlea"
7947.5,10,12635.2,3065.0,15,2683.5,26,4687.7,"213011332",2199.0,"Keilor Downs"
17238.1,23,216775.0,8048.2,40,7829.9,64,199536.9,"213011330",1360.0,"Deer Park - Derrimut"
722.2,0,1058.7,430.0,2,0.0,2,336.5,"213011331",292.2,"Delahey"
11357.7,12,11546.8,8146.0,42,2603.1,54,189.1,"213011333",608.6,"Kings Park (Vic.)"
23418.1,26,31339.2,16503.9,92,5961.8,118,7921.1,"213011334",952.3,"St Albans - North"
53419.2,56,110308.9,35254.9,161,16146.9,217,56889.6,"213021343",2017.5,"Altona North"
14379.2,10,164745.8,11346.7,44,2130.7,54,150366.5,"213011335",901.9,"St Albans - South"
18490.3,31,32777.0,7682.9,39,9049.5,70,14286.6,"213011337",1757.9,"Sunshine North"
19282.2,28,46185.4,8724.2,44,7193.0,72,26903.3,"213011336",3364.9,"Sunshine"
3716.5,2,8071.7,2105.1,13,835.2,15,4355.2,"213011339",776.2,"Sydenham"
17277.2,34,36316.9,5925.3,32,8330.4,71,19039.6,"213011338",3021.5,"Sunshine West"
8029.1,6,18221.6,1340.8,2,3773.7,8,10192.5,"213011340",2914.6,"Taylors Lakes"
56172.6,46,90497.9,36491.9,126,16770.5,172,34325.4,"213021341",2910.2,"Altona"
74098.3,37,86547.9,48129.1,178,12878.1,215,12449.6,"213021344",13091.1,"Newport"
1378.7,3,1378.7,0.0,0,479.4,3,0.0,"213021345",899.2,"Seabrook"
86583.7,29,96676.0,54591.4,128,18248.4,158,10092.3,"213021346",13744.0,"Williamstown"
33932.0,65,46786.8,10943.4,50,13543.6,115,12854.8,"213031351",9445.1,"West Footscray - Tottenham"
44078.6,39,51516.0,31841.9,177,9936.2,216,7437.3,"213031347",2300.6,"Braybrook"
35646.7,17,55973.9,26064.9,119,4799.9,136,20327.1,"213031348",4781.9,"Footscray"
104142.0,10,136162.5,97431.7,399,5308.3,410,32020.5,"213031349",1402.1,"Maribyrnong"
24227.3,13,24513.8,6058.4,25,5258.0,38,286.5,"213031350",12910.9,"Seddon - Kingsville"
71854.8,25,88528.5,45581.6,193,8933.7,219,16673.7,"213031352",17339.6,"Yarraville"
71076.0,232,104982.5,7751.8,46,59254.6,279,33906.5,"213041353",4069.7,"Bacchus Marsh"
118665.4,436,129010.4,1310.0,8,116317.9,444,10345.0,"213041355",1037.5,"Hillside"
27125.4,99,31784.1,1457.4,9,23453.0,109,4658.7,"213041356",2215.0,"Melton"
163532.0,691,164283.9,4450.9,23,156584.7,714,751.8,"213041357",2496.4,"Melton South"
66939.8,291,82583.8,2814.1,16,63098.0,307,15644.0,"213041358",1027.7,"Melton West"
127535.5,440,456008.6,0.0,0,127308.8,440,328473.1,"213041359",226.7,"Rockbank - Mount Cottrell"
12095.0,27,14173.1,0.0,0,10374.7,27,2078.1,"213041360",1720.4,"Taylors Hill"
21331.7,61,23238.5,0.0,0,21188.4,61,1906.8,"213041461",143.3,"Burnside"
4481.6,10,9437.3,758.0,4,2205.2,15,4955.7,"213051362",1518.4,"Hoppers Crossing - South"
2325.1,6,2467.1,370.0,2,1833.8,8,142.0,"213041462",121.3,"Burnside Heights"
7628.3,14,13596.0,650.0,3,5708.4,17,5967.7,"213041463",1269.9,"Caroline Springs"
6966.0,23,29177.3,1033.7,8,4454.3,32,22211.3,"213051361",1477.9,"Hoppers Crossing - North"
63862.0,95,146720.8,30913.1,165,32207.5,260,82858.8,"213051363",741.3,"Laverton"
301448.7,1169,413095.6,11854.0,68,287985.6,1237,111646.9,"213051365",1609.1,"Tarneit"
202625.8,744,344191.6,3205.2,19,198830.0,763,141565.8,"213051366",590.6,"Truganina"
135883.2,271,285285.7,49962.2,187,84641.5,459,149402.5,"213051368",1279.5,"Werribee - South"
115462.5,410,119276.3,7582.2,43,106466.1,453,3813.9,"213051369",1414.1,"Wyndham Vale"
170101.1,496,170571.1,4926.9,20,164373.4,516,470.0,"213051464",800.8,"Point Cook - East"
43202.5,60,60805.6,22124.8,107,20126.0,167,17603.1,"213051465",951.7,"Point Cook - North"
9206.7,13,21388.6,4453.8,33,2967.9,48,12182.0,"213051467",1785.1,"Werribee - East"
126939.4,452,127397.1,10726.3,41,114379.3,493,457.7,"213051468",1833.9,"Werribee - West"
57390.8,133,110264.2,26358.7,130,29045.1,263,52873.4,"214011370",1986.9,"Carrum Downs"
97002.5,36,144956.6,81815.4,217,10259.6,253,47954.1,"214011371",4927.5,"Frankston"
17286.6,36,49923.4,5551.5,25,7339.3,61,32636.8,"214011372",4395.8,"Frankston North"
21046.8,23,24545.4,4538.8,17,8029.9,40,3498.6,"214011373",8478.1,"Frankston South"
29729.9,45,39363.2,12558.2,64,13466.2,110,9633.4,"214011374",3705.6,"Langwarrin"
23899.3,31,31780.4,11299.2,46,7575.9,78,7881.2,"214011375",5024.2,"Seaford (Vic.)"
14685.9,26,15593.8,3300.0,19,9950.0,45,908.0,"214011376",1435.8,"Skye - Sandhurst"
84588.9,111,89107.0,21822.1,89,54938.3,200,4518.2,"214021377",7828.6,"Dromana"
76095.6,56,83712.3,6047.4,12,51792.0,69,7616.7,"214021378",18256.2,"Flinders"
47674.0,123,60485.6,4181.6,16,31557.9,139,12811.6,"214021379",11934.5,"Hastings - Somers"
123951.3,111,172354.7,72241.3,158,44934.5,269,48403.4,"214021380",6775.5,"Mornington"
51758.8,46,56046.2,1540.0,4,26668.6,50,4287.4,"214021381",23550.2,"Mount Eliza"
64556.0,79,74607.6,5040.4,21,40846.4,100,10051.6,"214021382",18669.2,"Mount Martha"
178998.9,194,183528.2,4116.6,10,119613.7,206,4529.3,"214021383",55268.5,"Point Nepean"
78573.8,131,94801.7,26113.1,110,43927.7,246,16227.9,"214021384",8533.0,"Rosebud - McCrae"
27553.4,57,66384.5,7492.0,53,13037.1,111,38831.1,"214021385",7024.3,"Somerville"
