Sa2code,Total,Japanese,Hungarian,English,Serbian,Spanish,Australian Indigenous,Chinese,Austronesian,Thai,Arabic,Russian,Assyrian,Turkish,Greek,Iranic,Polish,Croatian,Korean,Maltese,French,Dutch,Italian,Vietnamese,Germa,Samoan,Macedonian,Indo Aryan,Tamil,Khmer,Portuguese
209011200,11085,40,4,8243,16,66,0,554,52,17,55,32,0,12,394,46,28,52,31,6,38,0,424,75,33,0,44,155,65,0,8
209021208,22941,28,10,10260,61,152,9,978,178,20,1455,32,88,113,1219,114,30,125,35,182,61,14,4060,342,36,39,406,1109,59,3,43
209031209,22802,29,19,20338,22,47,3,176,37,13,57,25,0,24,213,27,29,44,10,12,81,69,394,13,121,0,106,76,9,3,6
211051279,5541,3,17,4982,0,6,0,19,3,0,3,3,0,0,6,4,25,4,6,0,15,117,86,0,42,0,3,0,0,3,0
209031210,3510,8,4,3321,0,15,0,3,0,3,4,0,0,0,9,4,3,6,0,3,3,5,20,0,15,0,0,6,0,0,0
209031211,3578,0,7,3241,0,12,4,3,0,0,0,3,0,0,22,3,0,4,0,0,4,3,26,0,12,0,4,10,0,0,0
209031212,5021,3,3,4693,0,8,0,13,0,3,0,0,0,0,16,3,6,3,0,6,8,13,39,0,26,0,6,0,0,0,0
209031213,8951,6,7,7300,41,22,0,107,23,8,82,14,0,43,178,9,6,67,3,16,19,8,437,3,46,0,130,67,8,0,9
209031214,6607,12,0,6021,0,8,0,31,3,0,7,3,0,0,65,6,13,6,3,5,20,25,78,3,32,0,3,12,0,0,0
211031267,19000,25,28,15988,15,69,0,620,94,24,46,26,0,0,109,48,46,18,47,0,51,50,116,82,102,0,6,227,31,21,7
209041224,12029,10,6,10367,14,19,0,28,53,7,53,3,6,44,59,0,12,23,4,73,0,11,221,6,31,29,80,39,12,3,12
209041225,7416,0,7,6568,8,6,0,12,10,0,9,5,3,4,82,0,7,12,0,32,3,23,194,0,27,0,114,6,7,0,5
206011105,22761,76,10,14331,32,216,4,774,291,41,666,33,42,199,1405,39,30,59,48,53,140,30,1426,183,111,0,19,759,49,9,39
206011106,8476,40,0,5551,13,80,0,249,49,16,211,13,17,40,393,6,19,20,3,36,40,11,779,72,41,0,18,181,13,0,16
214021383,16128,8,18,13974,19,12,0,30,18,4,10,3,0,0,229,0,6,65,0,11,31,23,373,3,65,0,9,6,3,10,6
206011107,13149,48,6,7871,29,143,0,439,196,29,389,13,6,94,809,63,28,44,28,28,38,16,907,110,59,7,13,604,26,0,24
206071142,9431,41,3,5867,24,97,6,506,30,32,155,3,0,58,157,68,22,17,8,9,66,20,145,482,44,0,65,45,4,0,3
206011108,24977,62,11,13335,40,165,0,612,225,50,1828,16,24,589,1832,53,54,81,38,85,92,24,2744,168,112,0,50,892,65,13,33
206011109,9533,21,3,6072,3,73,0,107,48,14,272,10,6,68,908,8,7,17,12,24,21,8,1068,70,17,0,25,189,12,6,12
206031115,9158,38,3,4695,10,112,3,872,101,9,383,11,0,99,102,26,10,15,35,33,34,11,169,465,27,0,6,238,28,7,9
206021110,8206,16,16,5883,16,73,0,229,17,12,48,7,0,3,627,23,15,24,5,10,14,19,400,69,27,0,42,189,10,3,8
213011328,7160,14,20,3004,36,82,6,251,121,12,130,7,3,32,85,52,164,51,6,221,14,6,134,621,56,21,36,755,54,0,6
206021111,22921,59,6,16268,45,132,9,443,82,44,234,15,0,20,2184,28,26,65,16,19,88,29,1030,274,119,6,152,218,30,8,23
208021179,10739,82,34,7724,15,65,0,215,42,16,12,221,0,9,291,3,91,8,37,4,111,18,189,18,60,0,11,206,8,0,21
206021112,17434,37,11,10464,50,124,0,416,60,33,421,9,12,37,1677,46,25,46,6,19,69,14,1268,243,68,7,173,679,21,10,45
206041117,14104,94,6,5660,30,175,0,3200,619,117,339,25,4,74,76,101,13,23,166,5,110,20,238,206,51,3,21,298,60,3,15
206031113,13476,17,4,8893,22,174,0,481,83,20,216,22,0,61,360,20,26,52,20,65,58,15,656,421,35,0,18,202,24,6,10
206041118,5790,44,0,2791,9,44,0,810,124,38,83,21,0,14,53,23,7,10,101,0,34,3,63,61,38,0,10,211,30,3,18
206031114,24762,56,13,18316,45,131,3,504,108,35,194,26,9,79,708,25,81,155,53,55,66,10,1411,144,71,3,20,680,54,3,13
206041119,4903,33,4,3720,3,37,0,159,24,8,11,12,0,4,44,12,11,9,11,3,30,8,63,27,39,0,0,47,6,0,0
206041120,76,0,0,52,0,3,0,11,0,0,0,0,0,0,3,0,0,0,0,0,0,0,3,0,0,0,0,0,0,0,0
206041125,5998,35,11,4402,7,53,0,226,86,21,11,21,0,3,44,14,18,3,20,3,50,9,48,10,39,4,3,136,7,0,14
206031116,13532,33,22,9599,12,124,3,288,62,31,77,16,7,32,491,10,26,87,10,49,46,14,1198,82,36,0,48,317,24,0,10
206061135,8760,45,19,6563,30,48,0,347,73,38,11,50,0,16,274,12,27,13,29,0,60,16,95,36,30,0,0,179,10,3,3
206041121,9718,43,6,6668,19,91,0,821,78,33,86,12,0,20,66,25,11,44,35,33,31,13,191,331,45,0,16,87,18,4,17
206041122,20031,173,17,6322,20,182,0,5563,1417,394,342,41,0,33,57,54,23,14,594,9,163,16,157,221,54,3,10,780,157,16,57
206041123,15496,95,6,8068,36,189,0,2106,221,62,287,31,3,66,99,45,31,28,199,36,77,8,253,319,70,3,14,228,43,0,27
206041124,6192,27,0,4100,3,42,0,771,114,31,26,15,0,12,44,30,18,7,44,9,48,3,99,41,31,3,6,93,18,0,25
206041126,11309,117,6,5644,22,109,0,1821,765,70,182,62,0,11,61,66,27,16,178,11,73,30,89,71,54,3,21,292,60,4,23
206041127,0,0,0,0,0,0,0,0,0,0,0,0,0,0,0,0,0,0,0,0,0,0,0,0,0,0,0,0,0,0,0
206051128,14130,42,12,10305,14,107,0,546,183,32,43,41,0,14,812,25,61,23,30,15,101,28,220,41,70,3,19,166,46,0,33
208021180,7052,64,3,3923,5,46,0,617,80,14,35,71,0,4,909,10,29,9,81,3,46,6,149,67,22,0,0,340,33,7,9
206051129,14638,47,44,11314,24,109,3,141,25,19,34,205,0,31,257,14,96,39,20,11,151,38,216,15,127,0,13,138,11,0,15
206051130,14512,54,9,10656,54,82,0,290,57,22,60,119,9,64,880,16,68,43,13,33,96,35,232,72,95,9,36,49,6,0,42
206051131,9,0,0,6,0,0,0,0,0,0,0,0,0,0,0,0,0,0,0,0,0,0,0,0,0,0,0,0,0,0,0
206061136,17485,66,26,12268,27,118,0,540,174,52,59,199,0,134,1098,21,70,27,33,4,127,29,203,95,91,0,12,227,36,11,17
206051132,9824,46,11,6792,20,57,0,465,223,18,63,267,0,28,333,25,30,11,36,3,84,21,100,73,41,3,21,84,19,0,12
206061137,14665,90,20,9893,41,149,0,741,198,55,68,293,0,49,362,64,59,26,48,0,152,28,158,90,98,7,17,256,27,0,30
206051133,22551,68,61,16066,52,231,3,469,168,46,77,326,0,48,311,59,126,50,59,17,255,48,246,55,172,3,22,456,35,7,41
206051134,15710,71,52,10977,51,140,3,357,119,52,41,446,0,33,307,17,107,41,33,8,122,29,185,34,121,0,15,540,29,0,31
206061138,12870,47,21,9746,28,53,0,587,74,46,41,55,0,7,197,21,79,10,23,4,101,12,163,42,76,0,12,246,11,3,20
206071140,8294,19,9,6416,14,60,3,204,45,10,62,20,3,17,176,16,16,26,11,6,69,16,425,23,58,0,6,37,9,0,0
206071139,4905,14,0,3182,5,19,3,213,20,35,13,0,0,8,213,4,4,8,10,6,28,0,50,421,21,0,6,23,9,0,3
206071141,6467,17,3,3719,24,37,3,289,29,15,142,10,0,78,165,24,16,10,14,6,30,11,55,490,28,0,7,20,6,3,3
206071143,11473,24,15,8710,40,91,0,205,23,22,108,14,0,23,319,11,12,26,7,18,90,28,581,125,58,0,30,51,6,3,25
206071144,26118,91,25,17412,91,182,3,1433,215,65,103,45,3,75,1298,17,60,89,27,17,95,25,302,1726,116,9,38,277,24,19,36
206071145,8135,30,3,6573,6,57,0,106,35,15,28,6,0,10,298,11,3,34,7,12,44,12,191,53,58,0,41,38,8,3,3
207011152,13572,33,15,9904,20,69,0,801,92,65,42,14,0,4,342,40,35,4,78,9,90,27,203,68,45,0,12,530,22,3,24
207011146,7584,24,15,5848,8,17,0,462,28,14,25,15,3,10,217,42,16,11,19,3,27,23,84,67,47,0,9,145,17,9,7
207011153,23587,102,29,17102,29,119,0,1873,138,78,85,50,3,26,738,79,56,52,76,4,84,16,544,303,116,7,60,376,33,3,14
207011147,15584,54,19,10102,17,62,0,2726,140,22,43,16,8,33,455,48,36,27,105,12,50,21,266,187,55,3,15,325,56,4,11
207011149,20029,60,27,15781,18,74,3,1121,118,26,69,36,0,11,551,30,59,31,71,3,154,22,394,148,98,6,15,327,48,0,21
207011148,19943,65,30,12139,57,70,0,3288,108,18,126,24,0,44,1251,96,36,38,141,6,66,35,725,236,57,0,68,420,84,0,11
207011150,15953,44,34,12796,20,58,0,783,48,19,26,24,0,5,539,22,49,25,51,3,80,20,233,132,57,5,8,164,19,3,7
207011151,20703,75,28,14800,15,129,0,1269,223,147,127,41,0,10,379,76,37,20,73,3,113,29,279,234,91,7,25,927,83,4,19
207011154,6304,33,3,4476,12,20,0,460,38,7,28,9,0,9,340,27,9,13,36,0,7,6,274,71,26,0,8,87,21,0,0
207011155,15908,37,26,13029,6,60,0,932,68,3,39,34,0,10,310,11,39,15,43,7,85,28,182,72,49,0,9,224,30,0,8
207021156,10868,16,9,5332,27,55,0,1374,45,0,191,10,21,30,1072,86,28,74,80,21,17,13,1399,170,24,7,101,190,22,3,10
207021157,18359,71,43,8450,54,66,0,4081,149,18,268,20,0,74,1807,233,39,84,238,12,25,22,928,171,86,0,108,378,68,6,9
207021158,27047,49,33,13876,58,77,0,6100,167,21,511,43,0,74,1857,433,59,108,229,35,52,24,987,155,109,0,112,535,86,7,21
207021159,16485,23,25,9598,35,49,0,2107,96,12,423,5,8,40,1266,259,39,51,67,28,34,39,827,60,37,4,120,324,84,7,12
207021160,13151,22,21,7201,28,54,0,1712,89,10,242,23,0,38,1285,132,39,53,68,17,16,10,789,83,63,0,96,210,15,0,20
207031161,19822,57,26,14827,18,77,0,1683,102,36,46,21,0,7,414,121,40,19,103,16,46,39,310,120,96,0,32,434,65,15,14
207031162,10585,38,14,7183,7,48,0,1161,91,28,25,14,0,3,455,61,29,29,53,11,28,33,134,118,37,0,19,189,53,15,11
207031163,17373,50,18,9732,15,73,0,3978,193,87,56,11,0,8,267,74,28,35,148,8,37,11,231,213,84,3,18,596,64,3,11
207031164,16427,42,25,10508,19,50,3,2835,144,44,45,14,0,26,518,53,30,37,186,0,36,31,400,169,65,0,39,304,46,9,0
207031167,9772,21,8,7716,13,30,0,794,48,15,13,6,0,3,143,16,20,8,64,4,37,15,80,36,35,0,12,140,25,0,4
207031165,10796,40,17,5958,23,29,3,2067,190,51,48,23,0,3,513,38,42,23,70,3,37,23,188,225,26,3,10,411,89,4,6
207031166,10142,36,33,4908,8,28,0,1891,187,29,37,31,0,13,1112,28,34,31,79,8,29,7,276,252,62,3,23,463,98,18,4
208011168,12834,41,10,11472,6,39,0,124,13,12,25,60,3,21,195,9,17,20,8,6,47,20,97,12,149,0,3,15,10,6,15
208011170,15411,70,30,11933,30,64,0,371,38,17,36,344,0,19,521,6,122,30,19,3,112,32,278,36,129,0,13,115,10,0,29
208011171,10189,32,35,8208,37,36,0,150,47,7,59,128,0,33,317,7,68,33,4,7,48,19,110,9,73,0,6,74,7,6,16
210011226,6959,15,3,4505,6,57,0,134,31,3,58,8,12,31,271,3,29,55,0,99,21,9,954,20,24,8,12,190,14,0,3
208011169,21257,119,29,17389,44,64,0,441,34,11,46,266,0,23,384,3,108,23,25,3,131,38,286,34,193,5,14,69,12,3,26
208011172,16876,59,17,13509,29,96,0,281,23,16,108,290,0,62,398,17,113,41,13,4,133,49,270,23,123,7,16,119,25,14,17
212031306,11665,5,34,6186,56,219,0,478,356,16,123,54,13,202,121,203,55,32,4,13,167,11,94,162,28,96,12,1249,240,240,21
208021174,20885,152,55,15026,62,102,0,1028,92,34,78,689,0,17,959,36,136,34,148,16,62,37,378,79,121,6,25,336,43,8,17
208021175,25924,87,59,17674,94,116,0,997,139,28,138,1064,0,35,1981,31,142,38,119,15,109,20,656,124,115,0,17,351,56,22,31
208011173,15247,49,17,13178,23,41,0,117,12,20,46,106,0,9,232,16,31,27,4,4,80,54,169,9,121,0,7,35,3,0,0
208021176,16300,92,50,9368,48,78,5,1348,172,59,34,779,0,10,808,33,85,32,181,9,123,6,206,93,66,6,9,1017,141,10,29
208021181,8592,55,18,5716,25,57,0,530,83,11,41,172,3,9,519,5,40,8,58,0,37,9,142,47,44,0,3,429,27,0,3
208021177,19769,46,133,13497,25,91,0,667,99,25,36,529,4,16,347,20,216,19,43,3,202,13,137,86,110,0,6,312,39,6,27
208021178,16436,94,102,11020,45,102,0,422,76,11,32,1020,0,9,565,6,183,16,17,0,150,19,159,57,94,0,3,237,19,0,31
208021182,12371,78,13,6991,45,69,0,1058,185,37,50,541,3,23,413,15,92,25,78,4,91,10,125,83,72,0,3,862,92,6,10
208031183,8757,19,15,5805,42,38,0,527,139,7,33,43,3,96,360,18,68,47,11,3,60,11,162,239,54,4,8,215,107,129,24
208031184,13,0,0,13,0,0,0,0,0,0,0,0,0,0,0,0,0,0,0,0,0,0,0,0,0,0,0,0,0,0,0
208031185,11188,30,20,9019,41,60,0,242,59,14,88,56,0,47,204,11,38,55,14,22,44,29,131,66,57,0,11,81,23,13,9
209011203,18109,45,39,13781,69,83,0,631,107,24,193,32,3,16,375,42,55,146,41,22,32,36,622,52,83,6,191,303,59,0,28
213011339,11528,13,22,5917,83,196,0,282,378,7,286,21,11,151,232,33,46,347,12,244,26,8,388,201,19,46,330,1054,71,0,20
208031186,12955,12,47,10475,51,79,0,208,101,17,45,145,0,43,187,7,56,53,3,12,58,46,145,28,71,11,0,108,9,4,16
208031187,5185,8,8,4134,3,65,0,117,70,10,21,41,0,42,90,3,28,13,3,3,20,6,68,22,27,15,0,77,33,9,9
208031188,20365,75,46,15006,58,138,0,508,119,25,100,370,0,223,1080,13,113,114,30,12,72,25,390,34,98,18,10,405,58,11,9
208031190,11666,46,16,9099,34,72,0,300,59,25,50,111,0,79,504,9,49,28,13,4,53,13,188,16,40,7,6,142,52,10,19
208031189,12075,19,12,10459,21,44,0,105,45,14,27,117,0,32,188,6,36,27,3,0,29,18,101,37,84,3,11,63,16,0,12
208031191,8051,49,23,5412,18,53,0,402,64,4,95,236,3,23,366,14,64,25,27,12,17,12,198,27,46,9,11,176,23,16,15
208031192,0,0,0,0,0,0,0,0,0,0,0,0,0,0,0,0,0,0,0,0,0,0,0,0,0,0,0,0,0,0,0
210011227,0,0,0,0,0,0,0,0,0,0,0,0,0,0,0,0,0,0,0,0,0,0,0,0,0,0,0,0,0,0,0
208031193,18722,38,28,15448,52,100,0,295,46,22,38,234,8,54,538,20,65,21,21,7,77,37,266,19,94,0,9,152,29,3,24
210011229,24246,37,24,12559,129,300,8,906,250,35,482,11,83,111,1372,47,157,476,29,332,40,11,3544,985,71,13,346,362,51,9,64
210011230,6264,28,7,4737,7,45,0,139,16,7,55,3,3,22,163,3,50,94,0,27,10,3,383,43,19,0,15,102,3,0,5
208041194,19302,49,20,14565,24,95,0,793,149,53,38,68,0,19,756,38,51,35,45,6,101,18,209,53,53,0,6,755,39,6,18
210021235,8622,0,7,7909,6,15,0,8,12,5,15,7,0,6,25,0,8,6,0,24,10,9,93,3,30,0,4,12,3,0,3
208041195,20064,60,31,14378,11,72,0,1403,248,58,37,58,0,10,1233,40,50,20,115,5,112,18,333,163,81,3,8,400,56,4,12
209011196,9516,24,6,6309,42,29,0,717,104,13,169,3,3,9,334,17,28,61,14,21,18,10,419,101,34,3,244,241,68,8,3
209011197,20227,30,19,17218,52,70,0,300,51,23,86,47,6,27,258,38,53,88,26,27,31,29,583,43,85,3,131,126,34,0,18
209011204,8983,8,6,7156,26,15,0,275,69,20,61,29,0,3,182,10,42,74,9,13,13,11,278,6,27,0,92,98,40,0,11
209011198,13615,45,12,10154,36,68,0,523,71,40,98,35,0,9,268,44,37,91,43,8,38,11,663,47,60,6,67,186,45,0,17
209021205,10357,21,4,5155,22,95,0,1396,210,47,195,17,11,25,415,59,32,46,18,12,34,12,500,395,22,3,220,521,104,0,20
209011199,13444,34,21,8198,57,50,0,632,201,39,406,26,9,23,326,88,28,40,42,20,46,9,341,253,53,21,62,360,88,3,10
210051248,140,0,0,71,0,0,0,0,3,3,0,0,0,0,0,0,0,0,0,0,0,0,3,0,0,0,0,3,0,0,0
209011201,7691,23,9,5997,9,22,0,208,10,4,45,13,0,6,269,6,15,17,7,6,40,8,476,28,30,0,43,66,17,0,5
209011202,15628,19,10,14004,19,39,0,169,29,12,42,24,0,8,123,17,24,33,4,5,33,24,261,13,82,13,57,54,3,0,5
209021206,29925,55,17,15665,79,250,4,1766,217,74,960,30,12,110,2321,64,31,123,22,50,94,28,2113,844,53,9,785,1094,124,19,50
209021207,24692,41,18,12550,93,123,9,1218,305,58,982,28,24,87,1681,92,38,98,32,80,58,20,1993,762,53,32,672,1292,78,19,45
209031215,13452,4,5,12216,18,24,0,37,11,16,29,6,0,16,87,6,25,31,3,21,18,24,237,17,59,0,73,35,6,0,6
211031268,9318,20,11,8007,15,36,0,255,21,7,29,15,0,0,69,39,26,16,15,3,18,35,184,26,55,0,5,51,4,4,3
209041216,5436,9,5,2612,29,19,0,536,54,19,225,10,12,37,253,39,6,26,17,11,6,0,288,87,9,3,364,213,104,0,15
209041217,6124,3,5,3038,24,39,6,508,88,11,192,10,8,13,370,24,21,116,3,29,6,0,452,80,13,0,313,170,21,3,3
209041218,26857,19,10,13941,138,136,0,672,428,25,1132,21,120,339,898,211,38,97,10,160,74,11,1517,462,34,116,1912,1916,410,71,73
210031236,6576,7,6,3363,6,57,0,197,65,11,367,8,24,160,398,28,27,32,0,32,22,5,733,64,16,9,6,333,6,3,20
210031237,12597,8,3,4094,18,49,0,121,152,6,1341,14,364,412,583,80,44,82,0,157,23,9,2317,133,41,62,16,1453,44,0,10
209041219,19874,11,12,6170,116,86,6,461,224,9,2034,14,175,515,1634,104,27,120,10,173,20,3,1983,1213,33,96,1999,1038,114,120,45
210051244,34319,6,39,19777,61,222,7,285,686,28,1186,34,927,1602,528,101,69,184,8,249,33,8,1203,105,29,532,327,3115,138,9,68
209041220,18234,21,6,10016,108,78,3,517,221,11,708,17,98,127,960,91,54,126,14,144,31,10,1404,168,24,37,1357,630,197,22,54
209041221,12283,17,10,6927,56,71,0,463,269,22,457,11,44,38,712,62,32,80,17,61,22,0,612,270,13,19,573,355,204,28,17
209041222,38322,28,15,28058,180,203,3,341,336,33,604,50,106,118,772,143,34,126,27,123,46,34,1649,134,62,81,1465,1188,250,29,44
209041223,20332,9,6,5328,128,77,0,654,152,24,1711,16,81,591,1574,171,27,159,0,208,22,3,2269,1588,24,100,2381,1221,96,137,57
210011228,8311,0,5,5640,59,43,0,131,37,4,131,8,37,42,315,3,54,138,3,68,4,11,866,86,35,6,99,56,11,0,9
210011231,9040,6,6,7247,14,39,0,94,16,6,103,6,4,90,250,0,24,29,0,37,18,5,411,40,20,0,11,126,6,0,11
210021232,11077,12,3,10201,3,28,0,40,36,4,10,4,0,11,31,0,10,32,0,35,20,23,113,6,50,0,9,15,3,3,0
210021233,3183,5,0,2953,0,0,0,0,3,0,0,0,0,0,8,0,12,3,0,6,4,8,25,0,24,0,0,0,0,0,3
210021234,3753,3,3,3582,0,6,0,6,0,3,0,0,0,13,12,0,0,0,0,13,3,6,22,0,18,0,6,0,0,0,0
210031238,27778,14,25,13593,79,153,3,596,250,29,2458,38,210,1098,855,214,212,198,35,332,55,27,2374,284,65,89,64,1900,60,0,31
210051247,14844,3,3,3697,48,200,0,56,199,7,2306,0,1226,3909,200,45,59,55,0,52,16,0,158,735,11,171,28,454,9,0,58
210031239,20660,38,14,12620,51,111,0,527,170,26,858,37,21,446,792,151,104,56,59,111,38,7,1954,101,47,7,48,860,32,0,33
210041240,12637,7,8,11209,12,50,0,41,75,6,32,5,9,23,67,0,31,43,8,87,12,18,208,11,35,8,6,99,0,0,8
210041241,24215,23,25,21523,33,57,3,89,133,30,84,22,8,29,115,6,41,96,3,92,29,27,312,32,76,22,38,125,6,0,11
210051242,11695,0,7,4483,56,126,0,173,167,23,1914,0,507,891,160,54,37,68,4,52,4,0,198,283,7,148,31,611,29,8,26
210051250,6266,6,24,3767,55,38,3,106,73,10,302,0,89,78,309,9,24,76,0,88,10,3,470,19,18,41,21,177,11,0,18
211011251,11241,19,40,8425,24,66,0,609,143,10,40,15,0,10,91,46,75,34,12,6,23,40,73,77,309,7,14,298,40,38,11
210051243,16030,7,12,3950,66,86,0,84,163,13,3086,13,1435,2854,438,57,20,127,0,175,18,7,629,292,6,162,35,489,24,0,25
210051245,17108,14,32,11008,132,117,0,212,173,7,815,16,334,443,547,15,67,191,12,187,18,11,1207,101,41,92,34,346,0,0,22
210051246,12103,3,6,6846,78,60,0,108,82,6,663,7,262,742,379,11,32,189,3,142,20,3,1589,41,18,28,122,219,6,7,14
211011252,25051,34,76,21319,50,99,0,561,135,48,55,42,0,13,112,57,71,23,20,5,57,97,197,66,332,10,6,371,61,21,7
210051249,20052,4,6,6125,63,185,0,246,557,3,2644,13,2525,3124,269,56,57,55,0,60,21,3,558,276,18,145,85,1260,109,3,67
211011254,13033,11,33,9682,22,55,3,956,152,14,55,22,0,8,170,112,39,19,40,6,41,36,138,133,79,6,4,538,125,57,4
211011253,28074,18,54,23996,31,107,4,620,213,37,107,39,0,12,182,69,98,48,49,13,39,93,344,58,233,8,23,365,53,30,16
211011255,6550,9,9,5368,11,28,0,116,66,6,101,8,0,7,126,61,41,17,0,10,6,15,163,7,31,0,12,75,31,0,8
211021262,10007,0,16,8895,3,16,0,149,12,0,44,7,7,0,121,16,4,16,6,7,14,24,236,12,49,0,16,46,0,0,3
211011256,15237,17,49,10752,53,89,0,1094,190,12,257,16,0,37,300,144,80,59,51,9,48,20,344,138,58,6,11,498,114,107,11
211011257,8079,0,45,6008,14,50,0,481,118,0,102,11,0,8,120,24,64,29,11,14,24,5,117,106,20,6,10,281,67,24,7
211031264,29596,17,34,25540,18,115,0,533,163,36,82,29,0,20,119,70,50,34,18,12,38,145,188,88,163,14,18,292,15,84,10
211031265,18014,3,14,16167,4,55,0,245,45,3,62,14,0,19,103,9,28,31,7,11,23,38,203,27,89,0,20,118,17,8,12
211011258,10829,8,56,7300,17,88,0,510,111,7,270,30,0,20,237,80,110,55,23,22,62,16,261,127,58,0,43,478,154,43,13
211011259,13767,6,92,9786,65,64,0,1437,162,23,79,7,0,33,271,61,47,41,42,8,21,30,159,145,58,0,17,449,81,56,4
211011260,17479,21,37,11422,44,52,0,2276,232,31,102,12,0,28,383,102,36,28,51,20,40,62,247,179,79,12,14,804,287,70,21
211021261,15498,36,11,11718,19,43,0,1118,46,9,151,12,0,21,448,113,34,45,42,18,21,30,536,23,91,0,46,174,11,3,7
211031263,11476,13,23,9855,20,36,0,205,58,22,39,6,0,10,65,11,37,23,6,4,16,28,75,82,52,6,14,185,10,82,0
211031266,16010,24,27,11977,19,108,10,950,112,39,84,21,0,11,118,94,113,52,26,11,32,37,167,114,57,0,10,531,19,21,9
211041269,10053,24,26,6398,22,45,0,1399,138,32,33,9,0,9,319,85,35,18,52,10,40,21,174,181,65,7,10,305,48,22,0
211041270,14812,52,19,11025,52,74,0,1328,116,21,51,28,0,7,121,65,55,23,45,12,37,23,267,142,74,0,16,395,33,63,9
211041271,10946,32,17,7424,34,44,0,1161,101,9,40,21,3,6,172,89,34,29,59,4,22,24,170,195,37,0,18,436,22,68,3
211051277,8529,11,5,7671,3,10,0,29,34,3,10,0,0,6,32,3,5,0,0,6,3,120,54,6,77,7,0,31,3,0,0
211041272,9902,23,23,7524,27,49,0,783,72,13,37,22,3,6,123,36,36,29,26,7,15,31,110,127,65,0,0,327,23,29,0
211041273,11417,36,26,7214,18,38,0,1559,120,8,63,34,0,17,610,46,48,39,55,10,36,10,326,96,69,6,13,309,88,13,7
211051274,10063,15,11,9146,5,32,0,59,8,8,18,7,0,0,25,6,21,6,3,6,31,45,44,3,95,0,3,9,3,0,0
211051278,17988,9,19,16283,6,30,6,104,47,14,24,13,0,6,35,3,35,21,0,0,30,85,383,9,90,7,7,77,14,10,9
211051275,9124,3,14,7988,14,13,6,70,49,20,26,5,0,19,29,8,44,21,0,8,16,38,242,18,60,6,7,56,0,0,0
211051276,12844,22,21,11861,4,15,3,20,9,5,9,0,0,0,32,0,30,6,0,0,12,60,90,4,78,4,0,10,3,8,0
212011288,8203,4,6,7702,3,14,0,0,19,0,0,4,0,0,6,0,12,14,0,3,6,22,72,0,25,4,12,7,0,0,4
212011289,17510,13,20,16082,3,30,3,20,28,11,5,14,0,4,37,0,19,23,0,3,34,72,144,4,116,0,3,3,0,0,4
212011290,6529,0,0,6016,4,17,0,10,15,4,0,0,0,0,18,5,8,17,0,6,0,28,102,0,14,7,3,12,0,3,0
211051280,6732,4,6,6030,0,9,0,20,12,3,7,0,0,0,9,0,0,9,0,0,12,75,30,0,69,0,0,13,0,0,3
211051281,20689,14,20,18323,13,52,0,249,104,13,61,13,0,8,75,20,31,36,7,6,35,78,240,23,107,10,34,118,12,11,0
211051282,9657,20,18,8825,7,35,0,23,13,17,0,9,0,0,41,0,23,0,0,6,17,68,45,0,78,0,0,4,0,0,0
212031300,18621,7,33,14271,43,162,0,148,228,20,143,43,6,45,121,301,30,50,11,18,99,58,169,48,41,229,17,570,97,130,21
211051283,9375,7,9,8717,5,9,3,17,19,6,16,0,0,4,21,0,21,0,0,0,18,70,62,15,52,0,0,6,0,0,0
212031301,8209,6,29,6068,20,97,0,102,104,7,73,18,0,11,30,84,9,28,3,10,31,26,74,18,29,49,0,424,48,39,12
212031305,23767,8,102,11900,413,459,6,658,822,30,312,55,32,253,142,972,145,117,5,18,550,26,131,374,59,486,38,2167,311,496,35
211051284,9779,8,18,8939,0,19,3,36,24,14,5,10,0,3,27,0,27,0,6,0,19,36,31,8,82,0,3,6,0,0,0
211051285,7409,6,3,6778,5,7,0,13,0,3,0,3,0,3,30,0,10,11,0,0,12,38,182,0,29,4,3,0,0,6,0
211051286,15985,11,11,14565,8,21,0,30,8,11,0,6,0,0,28,0,21,10,3,7,17,62,48,8,151,4,6,5,0,0,0
212011287,8096,3,33,7284,21,14,0,32,9,6,36,6,0,7,22,13,11,15,4,0,15,25,56,0,17,0,4,83,0,0,3
212011291,12648,6,27,11236,17,40,0,52,48,4,56,10,0,11,48,9,23,30,3,7,49,28,67,3,17,20,0,191,9,8,17
212031302,14570,0,31,10275,68,203,0,185,304,44,103,23,0,28,93,345,51,68,10,10,128,23,134,36,15,64,5,834,117,72,25
212011292,21349,21,52,18029,42,119,0,130,192,23,110,17,0,22,41,51,32,58,8,18,73,73,90,58,64,59,0,432,34,39,49
212021293,22251,19,115,18634,81,128,0,286,121,8,83,55,12,22,123,72,95,91,23,16,98,104,264,25,107,0,13,337,71,4,18
212021294,22987,33,59,17359,48,219,3,583,297,24,231,55,8,70,132,283,81,56,27,16,148,43,168,44,57,57,37,1283,133,12,24
212031303,6717,0,7,5930,21,12,0,36,16,4,30,4,0,0,80,17,6,7,0,8,11,20,94,11,37,4,3,12,3,21,0
212021295,10254,13,94,4858,490,135,3,218,150,13,253,47,6,96,114,441,105,87,5,22,129,29,65,204,43,172,42,584,219,103,3
212031304,8746,0,23,6198,26,98,0,74,141,16,48,13,6,27,39,161,21,26,6,3,45,9,51,40,23,221,10,477,131,43,13
212021296,25501,28,252,12467,637,406,0,1411,386,28,886,109,64,386,637,750,505,405,30,34,224,46,464,398,77,106,96,1608,417,104,56
212021297,10160,3,78,4716,213,222,0,376,209,22,391,12,13,122,89,736,101,86,0,7,128,25,148,77,38,77,25,877,145,179,26
212021298,25883,10,125,17256,196,370,0,728,314,22,398,53,22,109,225,846,202,211,14,34,230,73,300,167,98,145,35,1365,202,181,45
212021299,6985,6,14,5317,56,18,0,158,39,14,65,50,0,45,105,35,29,70,3,12,29,24,233,16,35,0,10,171,10,6,13
212031307,28593,8,108,19488,150,519,5,490,428,33,457,68,11,157,209,1316,94,141,9,29,232,46,277,101,40,124,40,1746,208,175,59
212031308,7477,3,10,6974,15,8,3,12,9,3,7,0,0,6,55,0,6,6,0,0,4,17,51,3,16,0,3,6,3,21,0
212041309,11661,45,54,5047,35,80,0,827,295,15,248,175,35,56,1714,31,71,73,38,3,125,0,429,280,21,3,26,491,117,364,20
212041310,11624,30,47,3306,45,122,0,1515,303,27,222,120,20,52,1294,17,55,55,81,11,51,9,370,470,28,22,15,1489,167,340,20
213051362,18620,20,9,12383,84,201,0,437,524,63,330,42,0,62,154,55,103,78,14,155,28,16,344,195,48,20,123,947,91,17,21
212041311,25922,7,90,7474,837,237,0,1030,379,41,836,251,12,343,308,2267,258,165,7,17,278,46,465,251,46,218,58,3118,943,145,41
212041312,21910,10,87,9246,889,327,0,688,300,17,960,107,23,176,966,661,206,225,24,28,217,92,689,797,58,133,131,1359,532,321,40
212041313,10171,6,12,8397,17,45,0,136,19,6,52,38,0,86,370,3,26,33,6,15,42,19,156,107,52,4,3,108,13,36,0
212041314,20044,24,42,8004,260,244,0,1880,242,42,205,38,17,652,454,85,88,115,33,44,186,28,394,2678,38,83,55,594,237,1522,35
212041316,7390,6,42,3160,159,176,0,259,151,13,239,21,8,71,505,70,55,130,0,11,97,5,195,392,29,22,42,402,84,141,20
212041315,28378,31,161,10435,361,370,0,1489,455,70,518,98,0,353,583,376,245,170,33,39,259,29,544,2970,90,144,32,2960,286,1513,31
213031351,10230,11,16,5285,47,115,6,396,123,28,95,11,0,115,207,31,39,99,10,14,38,11,328,1061,40,8,95,657,42,6,15
212041317,19773,30,57,4055,91,207,0,2924,293,94,170,30,4,89,683,88,69,74,24,93,68,19,433,4852,60,39,31,2222,92,902,16
212041318,12184,3,66,3339,52,141,0,1379,114,65,123,29,4,77,318,40,28,40,16,32,58,6,131,2918,23,30,16,511,27,1608,21
212051319,16254,65,27,9007,54,103,0,2002,283,66,133,119,3,27,973,102,99,58,214,3,86,20,411,212,82,3,0,831,66,6,9
212051320,17710,67,38,5661,8,96,3,4214,828,46,176,93,0,15,1018,106,51,49,268,10,118,16,509,352,34,26,6,1760,220,28,18
212051321,20724,52,50,10979,57,77,3,4358,246,38,72,103,3,8,470,123,81,55,352,15,57,33,202,248,96,9,17,1188,564,36,3
212051322,18485,34,38,8416,32,69,3,4514,255,42,79,66,0,40,534,87,75,28,367,14,34,20,212,375,89,3,14,1347,382,55,10
212051323,14915,77,24,8953,27,52,0,2208,122,32,50,84,0,21,845,45,75,29,262,6,47,18,222,139,87,0,29,688,176,4,16
213041355,15542,16,10,9768,54,248,0,233,247,15,408,9,49,281,468,27,68,286,14,428,9,7,628,115,27,27,525,574,38,3,37
213041356,17701,3,17,14071,125,179,0,119,133,11,168,16,9,81,147,16,61,101,3,336,16,20,163,68,55,137,60,164,17,8,16
212051324,17161,59,42,10511,23,49,0,1999,175,31,73,91,0,10,1083,56,110,39,258,6,39,29,385,187,92,3,11,864,160,9,21
212051326,20235,125,45,10557,52,164,0,1737,322,37,186,172,0,27,2391,34,91,42,217,9,154,16,941,210,66,13,17,1016,127,48,26
212051325,17648,33,44,9078,144,141,0,1808,282,22,201,81,3,53,1576,89,134,140,51,11,101,20,654,558,109,10,71,917,255,41,25
213041357,15803,7,29,12745,88,99,0,87,189,16,93,20,0,42,99,15,44,61,24,203,16,24,140,88,46,60,59,261,14,0,17
213041358,14171,7,10,11457,63,127,3,76,105,16,123,3,8,61,78,15,47,54,0,170,28,9,112,88,40,99,49,212,7,8,11
212051327,19106,47,46,11076,38,62,0,2397,156,26,219,63,3,109,1185,131,108,108,123,18,81,28,739,238,83,0,45,633,263,48,26
213011329,8839,3,4,2254,81,162,0,692,566,10,114,12,6,161,121,9,70,133,6,160,12,4,124,2288,7,55,309,418,45,12,28
213011332,13470,0,24,6356,136,244,0,335,165,12,507,10,87,244,705,4,126,484,9,349,23,5,606,990,29,29,598,265,41,7,25
213011330,22194,19,33,8861,175,503,0,1061,1401,62,415,17,13,371,383,83,130,246,15,622,33,7,504,2316,40,226,456,1109,57,3,60
213011331,8442,0,6,2951,117,176,0,551,563,10,208,6,20,244,178,7,107,171,0,299,8,4,132,842,18,41,472,370,58,6,11
213011333,13528,11,24,4124,210,292,0,620,515,15,395,11,5,354,304,28,95,237,0,510,13,14,194,2505,46,109,706,340,45,3,29
213011334,18885,16,26,5211,434,324,0,559,423,26,480,27,21,189,560,29,166,611,11,959,17,10,386,3511,135,136,437,1307,52,3,32
213011340,17936,14,23,10173,125,145,3,474,228,16,602,13,34,279,828,10,107,589,14,440,27,6,1091,404,46,16,731,604,41,0,31
213021341,11779,18,11,8911,47,51,0,267,98,41,60,4,0,10,190,14,31,95,8,285,23,18,289,108,95,6,56,260,6,0,25
213021342,18747,23,19,11073,231,166,0,599,478,25,583,33,7,31,577,28,108,210,26,542,61,15,553,552,58,20,438,608,40,65,27
213011335,16208,6,47,3397,238,237,0,1047,498,26,311,16,3,130,450,43,156,499,8,633,17,9,208,4327,76,75,408,1021,40,9,22
213021343,13011,14,22,5476,129,47,0,440,160,19,1585,21,0,20,771,6,114,172,15,305,29,9,985,616,56,15,237,231,11,6,15
213041359,2663,3,8,1164,11,3,0,10,9,4,4,0,0,23,35,0,12,8,0,186,0,4,41,11,4,0,19,7,0,0,0
213011336,8839,9,11,3569,30,99,0,407,165,20,155,8,0,61,236,51,85,102,22,64,21,3,226,1252,19,24,80,713,65,0,7
213011337,10636,3,15,2743,40,188,0,792,178,10,174,9,6,86,171,30,123,113,0,614,18,3,381,3378,24,7,42,300,25,4,19
213031348,13201,33,10,5291,54,117,6,1099,219,38,104,15,0,52,294,49,28,90,33,34,41,7,246,1557,43,0,118,1073,34,15,32
213011338,16747,0,11,5025,98,272,0,658,348,27,308,33,0,392,1209,29,157,243,21,790,32,7,536,3279,35,95,551,513,19,4,21
213021344,16158,39,10,12072,130,54,0,199,97,17,483,16,0,31,493,6,80,108,11,48,35,23,411,108,86,3,226,253,3,11,27
213021345,4972,4,11,3169,37,54,0,138,105,16,141,9,0,7,98,9,22,72,11,79,13,0,101,90,8,0,96,172,21,17,27
213021346,14747,17,7,12117,50,77,3,120,54,17,99,19,3,11,389,12,30,107,6,62,38,17,357,92,78,0,91,95,4,15,17
213041360,15464,18,22,7876,155,290,0,562,562,51,359,8,25,275,279,72,92,331,24,399,19,10,408,553,28,40,681,1060,113,7,60
213031347,15931,25,12,5094,108,249,0,1593,357,43,246,8,4,112,185,86,78,88,24,64,17,3,214,3747,21,9,98,655,66,4,24
213031350,8360,6,6,5509,66,70,6,224,83,24,39,7,0,45,302,8,26,49,5,24,29,13,150,421,27,3,164,241,15,4,21
213031349,10165,36,6,4620,94,209,0,1333,166,22,75,21,20,47,200,16,62,124,31,22,37,20,384,1324,36,7,77,283,36,4,24
213051364,32413,75,26,18868,227,253,0,2789,1296,76,427,168,3,72,403,84,109,191,257,191,138,49,455,499,94,29,387,2075,231,92,92
213051365,21976,14,22,12383,113,322,3,590,1171,29,412,30,0,54,127,106,73,77,14,233,61,10,248,213,19,179,173,2227,158,20,34
213051366,11165,24,6,4731,49,158,0,438,552,18,400,9,0,31,44,38,36,22,53,50,28,4,78,192,7,69,90,1480,98,17,12
213031352,13746,35,15,9787,62,96,3,328,62,26,120,9,0,35,753,17,63,75,6,23,31,10,383,430,47,0,265,183,5,3,21
213041353,17154,4,13,15642,36,37,3,29,42,7,23,0,0,11,63,0,17,38,0,64,18,39,102,42,41,14,25,50,3,0,17
214011376,10549,11,13,8678,44,96,3,90,156,11,34,25,6,29,106,81,47,44,0,6,29,12,71,14,24,29,4,183,45,15,11
213041354,26068,29,29,13192,273,694,0,957,1722,39,507,13,28,304,449,141,179,327,83,599,40,13,498,1055,38,79,616,1402,157,6,94
213051361,18977,20,7,12838,96,207,3,290,469,47,361,29,0,49,210,33,88,100,9,295,28,9,494,142,39,53,233,888,136,7,31
213051367,29741,17,54,21496,143,279,0,297,450,38,327,29,3,45,177,33,155,105,37,169,57,23,584,205,74,67,104,992,112,15,46
213051368,10476,3,6,7773,49,49,0,136,85,21,49,25,0,8,130,7,37,27,3,33,22,7,912,15,22,0,114,246,17,0,10
213051369,17304,14,9,13239,72,108,0,177,374,19,141,20,6,16,80,19,43,49,9,82,44,10,123,74,23,41,35,683,79,5,14
213051363,5353,10,11,2760,23,68,0,170,207,12,87,7,3,0,29,9,15,9,11,21,12,6,41,88,8,8,23,698,21,24,8
214011370,19122,11,43,15199,31,130,0,130,241,36,117,52,4,36,139,103,70,55,6,9,62,148,125,54,42,24,6,436,187,44,3
214011371,21582,15,25,17565,65,109,0,284,141,32,87,94,0,20,211,47,84,47,15,7,74,68,169,22,106,28,8,153,27,0,6
214011372,19059,13,38,16108,66,71,0,174,128,22,97,56,0,17,166,25,67,50,4,10,44,43,96,20,90,31,12,115,4,3,11
214011373,17616,22,22,15592,42,53,3,132,43,24,36,39,0,4,155,32,37,27,5,7,41,58,192,11,119,6,3,33,10,10,18
214011374,22496,20,12,20816,19,49,0,82,41,18,80,20,7,4,96,6,28,29,0,15,22,99,145,4,79,6,0,29,6,11,0
214011375,16033,12,25,13611,21,67,3,107,60,23,44,114,0,16,158,14,56,36,13,0,37,39,103,16,119,10,4,84,17,8,18
214021381,17248,32,23,15424,6,45,0,179,15,20,19,17,7,11,122,10,34,51,12,0,53,55,104,9,100,3,6,18,8,7,7
214021382,17087,9,6,15634,6,30,0,31,21,6,12,16,0,3,101,3,3,11,0,4,29,36,142,3,82,0,8,14,0,0,6
214021377,9016,6,8,7737,17,22,0,21,9,12,14,7,0,14,221,0,3,32,0,20,13,26,240,3,23,7,6,5,0,0,0
214021378,5332,8,3,4867,6,0,3,0,9,6,0,6,0,0,8,0,0,3,0,3,26,9,29,0,24,0,0,3,0,0,0
214021379,20299,11,10,18767,5,20,0,28,47,18,13,3,0,10,21,0,16,22,3,9,29,55,47,13,67,0,6,16,3,10,0
214021380,22422,18,11,20216,31,72,0,89,82,18,11,12,0,4,131,17,23,34,6,20,50,65,182,6,72,6,0,21,4,4,9
214021384,19623,17,14,17614,11,21,6,41,30,11,17,10,0,11,149,0,18,33,0,13,26,51,247,9,56,3,9,22,0,4,3
214021385,17451,6,7,16398,4,19,0,28,20,7,7,3,0,7,59,6,15,24,0,6,13,41,95,7,73,0,0,7,0,7,3
